direction_seed,time_taken
0,248.76200675964355
1,252.400710105896
2,256.3796560764313
3,265.48088669776917
4,238.44025468826294
5,271.3879613876343
6,224.63699412345886
7,263.84080934524536
8,235.83673357963562
9,227.20914483070374
